{
  "generated_at": "2026-02-12T02:05:18.921234",
  "performance_metrics": {
    "total_trades": 25,
    "winning_trades": 17,
    "losing_trades": 8,
    "win_rate": 0.68,
    "avg_win": 2857.843989865122,
    "avg_loss": 1930.485423340365,
    "profit_factor": 1.4803758450142173,
    "total_pnl": 33139.46444098416,
    "total_pnl_percentage": 2.609152581267332,
    "max_drawdown": 0.0,
    "max_drawdown_duration": 0,
    "sharpe_ratio": 1.92709210286392,
    "sortino_ratio": 12.373696912572326,
    "calmar_ratio": 0,
    "expectancy": 1325.5785776393664,
    "recovery_factor": 0
  },
  "monthly_returns": {
    "2024-01": 19685.855393794245,
    "2024-02": 9604.311817446785,
    "2024-03": 3849.2972297431256
  },
  "risk_metrics": {
    "value_at_risk_95": -2204.559048863467,
    "conditional_var_95": -2718.476467175554,
    "max_adverse_excursion": 0.7996814049064931,
    "max_favorable_excursion": 0.8508566889572273,
    "profit_loss_ratio": 1.4803758450142173,
    "risk_of_ruin": 0.01
  },
  "trade_patterns": {
    "by_symbol": {
      "BTCUSDT": 13,
      "ETHUSDT": 12
    },
    "by_direction": {
      "long": 25
    },
    "by_day_of_week": {
      "0": 4,
      "3": 4,
      "6": 4,
      "2": 4,
      "5": 3,
      "1": 3,
      "4": 3
    },
    "by_time_of_day": {
      "evening": 25
    },
    "holding_period_analysis": 25,
    "pnl_distribution": 25
  },
  "improvement_suggestions": [
    "\u26a0\ufe0f \u76c8\u4e8f\u6bd4\u504f\u4f4e (<1.5)\uff0c\u5efa\u8bae\u4f18\u5316\u6b62\u76c8\u6b62\u635f\u8bbe\u7f6e",
    "\u2705 \u6700\u5927\u56de\u64a4\u63a7\u5236\u826f\u597d (<10%)"
  ],
  "summary_statistics": {
    "pnl_statistics": {
      "mean": 1325.5785776393664,
      "std": 2505.276289286546,
      "min": -3212.8148768093615,
      "max": 5275.039383532144,
      "median": 2112.723023161459
    },
    "holding_period_statistics": {
      "mean": 2.0,
      "median": 2.0,
      "min": 2,
      "max": 2
    },
    "consistency_metrics": {
      "positive_months": 3,
      "total_months": 3,
      "monthly_win_rate": 1.0
    }
  }
}